{
  "hash": "a6a08e22",
  "configHash": "1b1c3867",
  "lockfileHash": "55d7d8fa",
  "browserHash": "589a4e78",
  "optimized": {
    "@angular/common": {
      "src": "../../../../../../node_modules/@angular/common/fesm2022/common.mjs",
      "file": "@angular_common.js",
      "fileHash": "2e1f20c4",
      "needsInterop": false
    },
    "@angular/common/http": {
      "src": "../../../../../../node_modules/@angular/common/fesm2022/http.mjs",
      "file": "@angular_common_http.js",
      "fileHash": "d05ae24a",
      "needsInterop": false
    },
    "@angular/core": {
      "src": "../../../../../../node_modules/@angular/core/fesm2022/core.mjs",
      "file": "@angular_core.js",
      "fileHash": "1e0e6463",
      "needsInterop": false
    },
    "@angular/forms": {
      "src": "../../../../../../node_modules/@angular/forms/fesm2022/forms.mjs",
      "file": "@angular_forms.js",
      "fileHash": "b4c50a80",
      "needsInterop": false
    },
    "@angular/platform-browser": {
      "src": "../../../../../../node_modules/@angular/platform-browser/fesm2022/platform-browser.mjs",
      "file": "@angular_platform-browser.js",
      "fileHash": "c40c8e02",
      "needsInterop": false
    },
    "@angular/router": {
      "src": "../../../../../../node_modules/@angular/router/fesm2022/router.mjs",
      "file": "@angular_router.js",
      "fileHash": "8821ba3c",
      "needsInterop": false
    }
  },
  "chunks": {
    "chunk-UHBSRND5": {
      "file": "chunk-UHBSRND5.js"
    },
    "chunk-IKVH7PRJ": {
      "file": "chunk-IKVH7PRJ.js"
    },
    "chunk-WO5MIYPJ": {
      "file": "chunk-WO5MIYPJ.js"
    },
    "chunk-BFKPYFAZ": {
      "file": "chunk-BFKPYFAZ.js"
    },
    "chunk-KUA6TBKJ": {
      "file": "chunk-KUA6TBKJ.js"
    }
  }
}